season,rank,team,school
2021,1,wisconsin,Wisconsin
2021,2,nebraska,Nebraska
2021,3,louisville,Louisville
2021,4,pittsburgh,Pittsburgh
2021,5,texas,Texas
2021,6,purdue,Purdue
2021,7,minnesota,Minnesota
2021,8,georgia-tech,Georgia Tech
2021,9,byu,BYU
2021,10,baylor,Baylor
2021,11,ohio-st,Ohio State
2021,12,washington,Washington
2021,13,ucla,UCLA
2021,14,kentucky,Kentucky
2021,15,florida,Florida
2021,16,illinois,Illinois
2021,17,penn-st,Penn State
2021,18,utah,Utah
2021,19,kansas,Kansas
2021,20,western-ky,Western Kentucky
2021,21,stanford,Stanford
2021,22,creighton,Creighton
2021,23,washington-st,Washington State
2021,24,oregon,Oregon
2021,25,miami-fl,Miami (FL)
2022,1,texas,Texas
2022,2,louisville,Louisville
2022,3,san-diego,San Diego
2022,4,pittsburgh,Pittsburgh
2022,5,wisconsin,Wisconsin
2022,6,stanford,Stanford
2022,7,oregon,Oregon
2022,8,ohio-st,Ohio State
2022,9,nebraska,Nebraska
2022,10,minnesota,Minnesota
2022,11,penn-st,Penn State
2022,12,florida,Florida
2022,13,marquette,Marquette
2022,14,kentucky,Kentucky
2022,15,baylor,Baylor
2022,16,georgia-tech,Georgia Tech
2022,17,houston,Houston
2022,18,byu,BYU
2022,19,rice,Rice
2022,20,purdue,Purdue
2022,21,creighton,Creighton
2022,23,ucf,UCF
2022,23,western-ky,Western Kentucky
2022,24,washington-st,Washington State
2022,25,arkansas,Arkansas
2023,1,texas,Texas
2023,2,nebraska,Nebraska
2023,3,wisconsin,Wisconsin
2023,4,pittsburgh,Pittsburgh
2023,5,stanford,Stanford
2023,6,louisville,Louisville
2023,7,oregon,Oregon
2023,8,arkansas,Arkansas
2023,9,tennessee,Tennessee
2023,10,kentucky,Kentucky
2023,11,washington-st,Washington State
2023,12,penn-st,Penn State
2023,13,purdue,Purdue
2023,14,georgia-tech,Georgia Tech
2023,15,creighton,Creighton
2023,16,arizona,Arizona
2023,17,kansas,Kansas
2023,18,byu,BYU
2023,19,florida,Florida
2023,20,dayton,Dayton
2023,21,houston,Houston
2023,22,western-ky,Western Kentucky
2023,23,baylor,Baylor
2023,24,southern-california,Southern California
2023,25,florida-st,Florida State
2024,1,penn-st,Penn State
2024,2,louisville,Louisville
2024,3,pittsburgh,Pittsburgh
2024,4,nebraska,Nebraska
2024,5,stanford,Stanford
2024,6,creighton,Creighton
2024,7,wisconsin,Wisconsin
2024,8,kentucky,Kentucky
2024,9,purdue,Purdue
2024,10,oregon,Oregon
2024,11,texas,Texas
2024,12,kansas,Kansas
2024,13,arizona-st,Arizona State
2024,14,florida,Florida
2024,15,smu,SMU
2024,16,texas-am,Texas A&M
2024,17,dayton,Dayton
2024,18,minnesota,Minnesota
2024,19,missouri,Missouri
2024,20,baylor,Baylor
2024,21,marquette,Marquette
2024,22,georgia-tech,Georgia Tech
2024,23,utah,Utah
2024,24,southern-california,Southern California
2024,25,tcu,TCU
2025,1,texas-am,Texas A&M
2025,2,kentucky,Kentucky
2025,3,nebraska,Nebraska
2025,4,pittsburgh,Pittsburgh
2025,5,wisconsin,Wisconsin
2025,6,texas,Texas
2025,7,stanford,Stanford
2025,8,purdue,Purdue
2025,9,louisville,Louisville
2025,10,creighton,Creighton
2025,11,smu,SMU
2025,12,arizona-st,Arizona State
2025,13,indiana,Indiana
2025,14,kansas,Kansas
2025,15,minnesota,Minnesota
2025,16,miami-fl,Miami (FL)
2025,17,southern-california,Southern California
2025,18,tcu,TCU
2025,19,north-carolina,North Carolina
2025,20,baylor,Baylor
2025,21,cal-poly,Cal Poly
2025,22,colorado,Colorado
2025,22,iowa-st,Iowa State
2025,24,tennessee,Tennessee
2025,25,byu,BYU
