team,url
nebraska,https://huskers.com/sports/volleyball/roster
pittsburgh,https://pittsburghpanthers.com/sports/womens-volleyball/roster
louisville,https://gocards.com/sports/womens-volleyball/roster
kentucky,https://ukathletics.com/sports/wvball/roster/
florida,https://floridagators.com/sports/womens-volleyball/roster
smu,https://smumustangs.com/sports/womens-volleyball/roster
wisconsin,https://uwbadgers.com/sports/womens-volleyball/roster
tcu,https://gofrogs.com/sports/womens-volleyball/roster
texas,https://texaslonghorns.com/sports/womens-volleyball/roster
tennessee,https://utsports.com/sports/womens-volleyball/roster
arizona-st,https://thesundevils.com/sports/womens-volleyball/roster
texas-am,https://12thman.com/sports/volleyball/roster
oregon,https://goducks.com/sports/womens-volleyball/roster
stanford,https://gostanford.com/sports/womens-volleyball/roster
indiana,https://iuhoosiers.com/sports/womens-volleyball/roster
purdue,https://purduesports.com/sports/womens-volleyball/roster
byu,https://byucougars.com/sports/womens-volleyball/roster
penn-st,https://gopsusports.com/sports/womens-volleyball/roster
kansas,https://kuathletics.com/sports/wvball/roster/
washington,https://gohuskies.com/sports/womens-volleyball/roster
minnesota,https://gophersports.com/sports/womens-volleyball/roster
michigan-st,https://msuspartans.com/sports/womens-volleyball/roster
colorado,https://cubuffs.com/sports/womens-volleyball/roster
illinois,https://fightingillini.com/sports/womens-volleyball/roster
north-carolina,https://goheels.com/sports/womens-volleyball/roster
